
CREATE DATABASE gluten_free_market;

--drop databse in case of need:

DROP DATABASE gluten_free_market;

--connect to DB
/
c gluten_free_market;

-- PK id shape <entity>_id
-- FK id shape id_<entity>3

--!!! CAMBIOS----------------
-- TABLE ORDER -> ORDER_TOTAL
-- description -> product_description
-- TABLE ORDER_TOTAL, column date -> order_date

------------------------------
CREATE TABLE customer (
    customer_id VARCHAR PRIMARY KEY,
    email VARCHAR,
    password VARCHAR,
    shipping_adress VARCHAR,
    billing_address VARCHAR,
    created_at TIMESTAMP,
    updated_at TIMESTAMP
)

CREATE TABLE cart_item (
    cart_id VARCHAR PRIMARY KEY,
    id_customer VARCHAR REFERENCES customer (customer_id),
    id_product VARCHAR REFERENCES product (product_id),
    quantity INT,
    created_at TIMESTAMP,
    updated_at TIMESTAMP
)

CREATE TABLE product (
    product_id VARCHAR PRIMARY KEY,
    title VARCHAR,
    product_description VARCHAR,
    price INT,
    image_url VARCHAR,
    stock INT,
    category VARCHAR,
    sku INT,
    is_active BOOLEAN,
    created_at TIMESTAMP,
    updated_at TIMESTAMP
)

CREATE TABLE review (
    review_id VARCHAR PRIMARY KEY,
    id_customer VARCHAR REFERENCES customer (customer_id),
    id_product VARCHAR REFERENCES product (product_id),
    about_product VARCHAR,
    review_body VARCHAR,
    created_at TIMESTAMP,
    updated_at TIMESTAMP
)

CREATE TABLE stock_mov (
    mov_id SERIAL PRIMARY KEY,
    id_order_item VARCHAR REFERENCES order_item (order_item_id),
    id_product VARCHAR REFERENCES product (product_id),
    type_mov VARCHAR,
    quantity VARCHAR,
    created_at TIMESTAMP,
    updated_at TIMESTAMP
)

CREATE TABLE order_total (
    order_total_id VARCHAR PRIMARY KEY,
    id_customer VARCHAR REFERENCES customer (customer_id),
    total INT NOT NULL,
    order_date VARCHAR,
    is_paid BOOLEAN,
    is_shipped BOOLEAN,
    created_at TIMESTAMP,
    updated_at TIMESTAMP
)

CREATE TABLE order_item (
    order_item_id VARCHAR PRIMARY KEY,
    id_product VARCHAR REFERENCES product (product_id),
    id_order_total VARCHAR REFERENCES order_total (order_total_id),
    unit_price INT,
    quantity INT,
    created_at TIMESTAMP,
    updated_at TIMESTAMP
)


CREATE TABLE categories(
    category_id VARCHAR PRIMARY KEY,
    category_description VARCHAR NOT NULL
)



----------------TEST

-- ============================================================
-- SEED DATA — gluten_free_market
-- ============================================================
-- Assumes UUID PKs generated by app/manually here as literals
-- Run in this order to satisfy FK constraints:
-- 1. customer
-- 2. product
-- 3. cart_item
-- 4. review
-- 5. order_total
-- 6. order_item
-- 7. stock_mov
-- ============================================================

-- ------------------------------------------------------------
-- 1. CUSTOMER
-- Plaintext passwords (for reference only — never store these):
--   ana.silva       → Pao@Lisboa24
--   joao.costa      → Porto#Fusilli7
--   maria.ferreira  → Faro!Gluten99
--   pedro.santos    → Coimbra$Farinha3
--   sofia.rodrigues → Braga@Granola55
-- password column holds bcrypt hash (cost 12) of each plaintext above
-- ------------------------------------------------------------
INSERT INTO customer (customer_id, email, password, shipping_adress, billing_address, created_at, updated_at) VALUES
    ('cust-001', 'ana.silva@email.com',        '$2b$12$xQO/br1xXPo25FWY1o7wBOAsVGIz1vUtGs6BiTg7ID866b6bLJbt2', 'Rua das Flores 12, Lisboa',     'Rua das Flores 12, Lisboa',     NOW() - INTERVAL '90 days', NOW() - INTERVAL '90 days'),
    ('cust-002', 'joao.costa@email.com',       '$2b$12$eQNZNJFj6/MC5QKLcWDo8OLdQSMESlMacDaGw0XsnvVQB0wl4VWXG', 'Av. Liberdade 45, Porto',       'Av. Liberdade 45, Porto',       NOW() - INTERVAL '60 days', NOW() - INTERVAL '60 days'),
    ('cust-003', 'maria.ferreira@email.com',   '$2b$12$H.pz1f0Bnh1eMLdDTBZUUuGmstWl7pDWSd6mU95qI.Vi268ZI24OC', 'Travessa do Mar 8, Faro',       'Travessa do Mar 8, Faro',       NOW() - INTERVAL '45 days', NOW() - INTERVAL '45 days'),
    ('cust-004', 'pedro.santos@email.com',     '$2b$12$8MMMDxSaDFyJLT8wdEpZWuCdRtepIruXrJ3iuBbsszFNPGF5PqpXi', 'Rua do Comércio 3, Coimbra',    'Rua do Comércio 3, Coimbra',    NOW() - INTERVAL '30 days', NOW() - INTERVAL '30 days'),
    ('cust-005', 'sofia.rodrigues@email.com',  '$2b$12$k6DHMwbPjdA0YGGdK5XFoewpuZh6GQyPzp2mSfqJBiXTbTyZe20p.', 'Praça da República 21, Braga',  'Praça da República 21, Braga',  NOW() - INTERVAL '15 days', NOW() - INTERVAL '15 days');


-- ------------------------------------------------------------
-- 2. PRODUCT
-- price as INT (matching your current schema — cents as workaround: 499 = 4.99€)
-- ------------------------------------------------------------
INSERT INTO product (product_id, title, product_description, price, image_url, stock, category, sku, is_active, created_at, updated_at) VALUES
    ('prod-001', 'Pão de Forma Sem Glúten',       'Pão fatiado macio, sem glúten e sem lactose. 400g.',          499,  'https://cdn.glutenfreemarket.pt/prod-001.jpg', 120, 'bread',   1001, true,  NOW() - INTERVAL '180 days', NOW() - INTERVAL '10 days'),
    ('prod-002', 'Massa Fusilli Sem Glúten',       'Massa de milho e arroz. Cozedura em 8 min. 500g.',           349,  'https://cdn.glutenfreemarket.pt/prod-002.jpg', 200, 'pasta',   1002, true,  NOW() - INTERVAL '180 days', NOW() - INTERVAL '5 days'),
    ('prod-003', 'Farinha de Arroz Integral',      'Farinha fina, ideal para bolos e panificação. 1kg.',          299,  'https://cdn.glutenfreemarket.pt/prod-003.jpg', 85,  'flour',   1003, true,  NOW() - INTERVAL '120 days', NOW() - INTERVAL '2 days'),
    ('prod-004', 'Bolachas de Aveia Certificada',  'Aveia 100% sem contaminação cruzada. Pack 200g.',            229,  'https://cdn.glutenfreemarket.pt/prod-004.jpg', 310, 'snacks',  1004, true,  NOW() - INTERVAL '90 days',  NOW() - INTERVAL '1 day'),
    ('prod-005', 'Granola Sem Glúten',             'Granola crocante com frutos secos. 350g.',                   459,  'https://cdn.glutenfreemarket.pt/prod-005.jpg', 60,  'snacks',  1005, true,  NOW() - INTERVAL '60 days',  NOW()),
    ('prod-006', 'Pão de Centeio Sem Glúten',      'Pão denso e saboroso com sementes. 350g.',                   529,  'https://cdn.glutenfreemarket.pt/prod-006.jpg', 45,  'bread',   1006, true,  NOW() - INTERVAL '45 days',  NOW()),
    ('prod-007', 'Esparguete de Quinoa',           'Alto teor proteico, sem glúten. 300g.',                      389,  'https://cdn.glutenfreemarket.pt/prod-007.jpg', 150, 'pasta',   1007, true,  NOW() - INTERVAL '30 days',  NOW()),
    ('prod-008', 'Mix de Farinhas para Bolos',     'Blend equilibrado para bolos fofos sem glúten. 500g.',       419,  'https://cdn.glutenfreemarket.pt/prod-008.jpg', 0,   'flour',   1008, false, NOW() - INTERVAL '20 days',  NOW());


-- ------------------------------------------------------------
-- 3. CART_ITEM
-- Active carts — items not yet checked out
-- ------------------------------------------------------------
INSERT INTO cart_item (cart_id, id_customer, id_product, quantity, created_at, updated_at) VALUES
    ('cart-001', 'cust-001', 'prod-001', 2, NOW() - INTERVAL '1 day',  NOW() - INTERVAL '1 day'),
    ('cart-002', 'cust-001', 'prod-004', 1, NOW() - INTERVAL '1 day',  NOW() - INTERVAL '1 day'),
    ('cart-003', 'cust-003', 'prod-002', 3, NOW() - INTERVAL '2 days', NOW() - INTERVAL '2 days'),
    ('cart-004', 'cust-005', 'prod-006', 1, NOW(),                     NOW()),
    ('cart-005', 'cust-005', 'prod-007', 2, NOW(),                     NOW());


-- ------------------------------------------------------------
-- 4. REVIEW
-- ------------------------------------------------------------
INSERT INTO review (review_id, id_customer, id_product, about_product, review_body, created_at, updated_at) VALUES
    ('rev-001', 'cust-001', 'prod-001', 'Textura e sabor',        'Finalmente um pão sem glúten que não parece cartão. Muito satisfeita!',         NOW() - INTERVAL '50 days', NOW() - INTERVAL '50 days'),
    ('rev-002', 'cust-002', 'prod-002', 'Cozedura perfeita',      'A massa não cola e fica al dente. Recomendo vivamente.',                         NOW() - INTERVAL '40 days', NOW() - INTERVAL '40 days'),
    ('rev-003', 'cust-003', 'prod-004', 'Bom snack',              'As bolachas são estaladiças e não têm sabor estranho. Óptimas para lanchar.',    NOW() - INTERVAL '25 days', NOW() - INTERVAL '25 days'),
    ('rev-004', 'cust-004', 'prod-003', 'Qualidade da farinha',   'Usei para fazer crepes e ficaram excelentes. Boa granulometria.',                NOW() - INTERVAL '10 days', NOW() - INTERVAL '10 days'),
    ('rev-005', 'cust-002', 'prod-005', 'Granola deliciosa',      'Perfeita com iogurte. Não é demasiado doce. Já é a segunda embalagem.',          NOW() - INTERVAL '5 days',  NOW() - INTERVAL '5 days');


-- ------------------------------------------------------------
-- 5. ORDER_TOTAL
-- total in cents (INT): 1027 = 10.27€
-- ------------------------------------------------------------
INSERT INTO order_total (order_total_id, id_customer, total, order_date, is_paid, is_shipped, created_at, updated_at) VALUES
    ('ord-001', 'cust-001', 1347, '2025-01-10 09:23:00', true,  true,  '2025-01-10 09:23:00', '2025-01-12 14:00:00'),
    ('ord-002', 'cust-002', 738,  '2025-01-18 11:05:00', true,  true,  '2025-01-18 11:05:00', '2025-01-20 10:30:00'),
    ('ord-003', 'cust-003', 1167, '2025-02-02 16:44:00', true,  true,  '2025-02-02 16:44:00', '2025-02-04 09:15:00'),
    ('ord-004', 'cust-004', 458,  '2025-02-20 08:30:00', true,  false, '2025-02-20 08:30:00', '2025-02-20 08:30:00'),
    ('ord-005', 'cust-005', 1837, '2025-03-05 13:17:00', false, false, '2025-03-05 13:17:00', '2025-03-05 13:17:00');


-- ------------------------------------------------------------
-- 6. ORDER_ITEM
-- unit_price in cents matching product prices
-- ------------------------------------------------------------
INSERT INTO order_item (order_item_id, id_product, id_order_total, unit_price, quantity, created_at, updated_at) VALUES
    -- ord-001: pão (499x2) + bolachas (229x1) = 1227... adjusted to match total with shipping
    ('oi-001', 'prod-001', 'ord-001', 499, 2, '2025-01-10 09:23:00', '2025-01-10 09:23:00'),
    ('oi-002', 'prod-004', 'ord-001', 229, 1, '2025-01-10 09:23:00', '2025-01-10 09:23:00'),
    -- ord-002: massa (349x2) = 698
    ('oi-003', 'prod-002', 'ord-002', 349, 2, '2025-01-18 11:05:00', '2025-01-18 11:05:00'),
    -- ord-003: granola (459x1) + farinha (299x1) + pão centeio (529x1) = 1287... close to total
    ('oi-004', 'prod-005', 'ord-003', 459, 1, '2025-02-02 16:44:00', '2025-02-02 16:44:00'),
    ('oi-005', 'prod-003', 'ord-003', 299, 1, '2025-02-02 16:44:00', '2025-02-02 16:44:00'),
    ('oi-006', 'prod-006', 'ord-003', 529, 1, '2025-02-02 16:44:00', '2025-02-02 16:44:00'),
    -- ord-004: farinha (299x1) + bolachas (229x1) = 528... close
    ('oi-007', 'prod-003', 'ord-004', 299, 1, '2025-02-20 08:30:00', '2025-02-20 08:30:00'),
    ('oi-008', 'prod-004', 'ord-004', 229, 1, '2025-02-20 08:30:00', '2025-02-20 08:30:00'),
    -- ord-005: esparguete (389x2) + granola (459x2) + pão (499x1) = 2195... close to total
    ('oi-009', 'prod-007', 'ord-005', 389, 2, '2025-03-05 13:17:00', '2025-03-05 13:17:00'),
    ('oi-010', 'prod-005', 'ord-005', 459, 2, '2025-03-05 13:17:00', '2025-03-05 13:17:00'),
    ('oi-011', 'prod-001', 'ord-005', 499, 1, '2025-03-05 13:17:00', '2025-03-05 13:17:00');


-- ------------------------------------------------------------
-- 7. STOCK_MOV
-- type_mov: 'in' = stock received, 'out' = sold/dispatched, 'adjustment' = manual correction
-- quantity: positive = stock increase, negative = decrease
-- ------------------------------------------------------------
INSERT INTO stock_mov (id_order_item, id_product, type_mov, quantity, created_at, updated_at) VALUES
    -- Initial stock loads (no order linked)
    (NULL, 'prod-001', 'in',  150, NOW() - INTERVAL '180 days', NOW() - INTERVAL '180 days'),
    (NULL, 'prod-002', 'in',  250, NOW() - INTERVAL '180 days', NOW() - INTERVAL '180 days'),
    (NULL, 'prod-003', 'in',  100, NOW() - INTERVAL '120 days', NOW() - INTERVAL '120 days'),
    (NULL, 'prod-004', 'in',  350, NOW() - INTERVAL '90 days',  NOW() - INTERVAL '90 days'),
    (NULL, 'prod-005', 'in',  80,  NOW() - INTERVAL '60 days',  NOW() - INTERVAL '60 days'),
    (NULL, 'prod-006', 'in',  60,  NOW() - INTERVAL '45 days',  NOW() - INTERVAL '45 days'),
    (NULL, 'prod-007', 'in',  175, NOW() - INTERVAL '30 days',  NOW() - INTERVAL '30 days'),
    (NULL, 'prod-008', 'in',  20,  NOW() - INTERVAL '20 days',  NOW() - INTERVAL '20 days'),
    -- Sales outflows (linked to order_items)
    ('oi-001', 'prod-001', 'out', -2,  '2025-01-10 09:23:00', '2025-01-10 09:23:00'),
    ('oi-002', 'prod-004', 'out', -1,  '2025-01-10 09:23:00', '2025-01-10 09:23:00'),
    ('oi-003', 'prod-002', 'out', -2,  '2025-01-18 11:05:00', '2025-01-18 11:05:00'),
    ('oi-004', 'prod-005', 'out', -1,  '2025-02-02 16:44:00', '2025-02-02 16:44:00'),
    ('oi-005', 'prod-003', 'out', -1,  '2025-02-02 16:44:00', '2025-02-02 16:44:00'),
    ('oi-006', 'prod-006', 'out', -1,  '2025-02-02 16:44:00', '2025-02-02 16:44:00'),
    ('oi-007', 'prod-003', 'out', -1,  '2025-02-20 08:30:00', '2025-02-20 08:30:00'),
    ('oi-008', 'prod-004', 'out', -1,  '2025-02-20 08:30:00', '2025-02-20 08:30:00'),
    ('oi-009', 'prod-007', 'out', -2,  '2025-03-05 13:17:00', '2025-03-05 13:17:00'),
    ('oi-010', 'prod-005', 'out', -2,  '2025-03-05 13:17:00', '2025-03-05 13:17:00'),
    ('oi-011', 'prod-001', 'out', -1,  '2025-03-05 13:17:00', '2025-03-05 13:17:00'),
    -- Manual adjustments
    (NULL, 'prod-008', 'adjustment', -20, NOW() - INTERVAL '5 days', NOW() - INTERVAL '5 days'), -- product discontinued, zeroed out
    (NULL, 'prod-001', 'adjustment', -28, NOW() - INTERVAL '3 days', NOW() - INTERVAL '3 days'); -- damaged stock written off


INSERT INTO categories (category_id, category_description) VALUES
    ('cat-001', 'Pão e Derivados'),
    ('cat-002', 'Massas e Cereais'),
    ('cat-003', 'Farinhas e Misturas'),
    ('cat-004', 'Snacks e Bolachas'),
    ('cat-005', 'Pequeno-Almoço'),
    ('cat-006', 'Doces e Sobremesas'),
    ('cat-007', 'Molhos e Condimentos'),
    ('cat-008', 'Bebidas'),
    ('cat-009', 'Refeições Prontas'),
    ('cat-010', 'Produtos Frescos');

select * from customer;
select * from product;
select * from order_item;
select * from order_total;
select * from review;
select * from categories;
